Departamento,Municipio,Empresa,Variable Calculada,Estrato 1,Estrato 2,Estrato 3,Estrato 4,Estrato 5,Estrato 6,Total Residencial,Industrial,Comercial,Oficial,Otros,Total No Residencial
ANTIOQUIA,ABEJORRAL,EMPRESAS P２LICAS DE MEDELLIN E.S.P.,usuarios Empresa Departamento y Municipio,2795,4658,410,30,2,ND,7895,67,495,126,96,784
ANTIOQUIA,ABEJORRAL,ENERTOTAL S.A. E.S.P.,usuarios Empresa Departamento y Municipio,ND,ND,ND,ND,ND,ND,ND,ND,1,ND,ND,1
ANTIOQUIA,ABRIAQUI,EMPRESAS P２LICAS DE MEDELLIN E.S.P.,usuarios Empresa Departamento y Municipio,265,595,94,1,ND,1,956,8,50,31,21,110
ANTIOQUIA,ALEJANDRIA,EMPRESAS P２LICAS DE MEDELLIN E.S.P.,usuarios Empresa Departamento y Municipio,461,1287,251,14,ND,1,2014,10,156,36,36,238
ANTIOQUIA,AMAGA,ELECTRIFICADORA DEL HUILA S.A. E.S.P.,usuarios Empresa Departamento y Municipio,ND,ND,ND,ND,ND,ND,ND,1,ND,ND,ND,1
ANTIOQUIA,AMAGA,EMPRESAS P２LICAS DE MEDELLIN E.S.P.,usuarios Empresa Departamento y Municipio,3668,5775,709,139,104,38,10433,162,840,59,422,1483
ANTIOQUIA,AMAGA,ENEL COLOMBIA S.A. E.S.P.,usuarios Empresa Departamento y Municipio,ND,ND,ND,ND,ND,ND,ND,1,ND,ND,ND,1
ANTIOQUIA,AMAGA,ENERCO S.A. E.S.P.,usuarios Empresa Departamento y Municipio,ND,ND,ND,ND,ND,ND,ND,1,ND,ND,ND,1
ANTIOQUIA,AMAGA,VATIA S.A. E.S.P.,usuarios Empresa Departamento y Municipio,ND,ND,ND,ND,ND,ND,ND,2,ND,ND,ND,2
ANTIOQUIA,AMALFI,EMPRESAS P２LICAS DE MEDELLIN E.S.P.,usuarios Empresa Departamento y Municipio,3003,2962,2031,68,18,12,8094,41,546,115,99,801
ANTIOQUIA,ANDES,EMPRESAS P２LICAS DE MEDELLIN E.S.P.,usuarios Empresa Departamento y Municipio,2922,9509,1764,118,4,ND,14317,196,1298,122,208,1824
ANTIOQUIA,ANDES,ENERCO S.A. E.S.P.,usuarios Empresa Departamento y Municipio,ND,ND,ND,ND,ND,ND,ND,ND,1,ND,ND,1
ANTIOQUIA,ANDES,SPECTRUM RENOVAVEIS SAS ESP,usuarios Empresa Departamento y Municipio,ND,ND,ND,ND,ND,ND,ND,ND,1,ND,ND,1
ANTIOQUIA,ANDES,VATIA S.A. E.S.P.,usuarios Empresa Departamento y Municipio,ND,ND,ND,ND,ND,ND,ND,1,ND,ND,ND,1
ANTIOQUIA,ANGELOPOLIS,EMPRESAS P２LICAS DE MEDELLIN E.S.P.,usuarios Empresa Departamento y Municipio,761,1067,242,19,1,ND,2090,71,144,45,78,338
ANTIOQUIA,ANGOSTURA,EMPRESAS P２LICAS DE MEDELLIN E.S.P.,usuarios Empresa Departamento y Municipio,2443,1718,331,18,ND,ND,4510,67,252,74,59,452
ANTIOQUIA,ANORI,EMPRESAS P２LICAS DE MEDELLIN E.S.P.,usuarios Empresa Departamento y Municipio,2265,2464,623,18,ND,ND,5370,36,391,104,53,584
ANTIOQUIA,ANZA,EMPRESAS P２LICAS DE MEDELLIN E.S.P.,usuarios Empresa Departamento y Municipio,1395,1223,251,8,1,1,2879,9,127,48,35,219
ANTIOQUIA,APARTADO,CARIBEMAR DE LA COSTA S.A.S. E.S.P.,usuarios Empresa Departamento y Municipio,ND,ND,ND,ND,ND,ND,ND,ND,1,ND,ND,1
ANTIOQUIA,APARTADO,EMPRESAS P２LICAS DE MEDELLIN E.S.P.,usuarios Empresa Departamento y Municipio,20164,11991,7260,1740,1,1,41157,225,4046,227,800,5298
ANTIOQUIA,APARTADO,ENEL COLOMBIA S.A. E.S.P.,usuarios Empresa Departamento y Municipio,ND,ND,ND,ND,ND,ND,ND,ND,1,ND,ND,1
ANTIOQUIA,APARTADO,ENERTOTAL S.A. E.S.P.,usuarios Empresa Departamento y Municipio,ND,ND,ND,ND,ND,ND,ND,3,5,308,ND,316
ANTIOQUIA,APARTADO,QI ENERGY SAS ESP,usuarios Empresa Departamento y Municipio,ND,ND,ND,ND,ND,ND,ND,ND,1,ND,ND,1
ANTIOQUIA,APARTADO,VATIA S.A. E.S.P.,usuarios Empresa Departamento y Municipio,ND,ND,ND,ND,ND,ND,ND,1,9,ND,ND,10
ANTIOQUIA,ARBOLETES,EMPRESAS P２LICAS DE MEDELLIN E.S.P.,usuarios Empresa Departamento y Municipio,7463,2025,353,50,5,1,9897,17,375,77,355,824
ANTIOQUIA,ARBOLETES,ENERTOTAL S.A. E.S.P.,usuarios Empresa Departamento y Municipio,ND,ND,ND,ND,ND,ND,ND,ND,1,ND,ND,1
ANTIOQUIA,ARBOLETES,VATIA S.A. E.S.P.,usuarios Empresa Departamento y Municipio,ND,ND,ND,ND,ND,ND,ND,ND,1,ND,ND,1
ANTIOQUIA,ARGELIA,EMPRESAS P２LICAS DE MEDELLIN E.S.P.,usuarios Empresa Departamento y Municipio,1452,1417,75,6,ND,ND,2950,7,181,69,33,290
ANTIOQUIA,ARMENIA,EMPRESAS P２LICAS DE MEDELLIN E.S.P.,usuarios Empresa Departamento y Municipio,215,1262,291,37,2,1,1808,14,119,27,58,218
ANTIOQUIA,BARBOSA,EMPRESAS P２LICAS DE MEDELLIN E.S.P.,usuarios Empresa Departamento y Municipio,2999,13230,2234,351,144,92,19050,105,1042,103,873,2123
ANTIOQUIA,BARBOSA,ISAGEN S.A. E.S.P.,usuarios Empresa Departamento y Municipio,ND,ND,ND,ND,ND,ND,ND,2,1,ND,ND,3
ANTIOQUIA,BARBOSA,NEU ENERGY SAS ESP,usuarios Empresa Departamento y Municipio,ND,ND,ND,ND,ND,ND,ND,1,ND,ND,ND,1
ANTIOQUIA,BARBOSA,SPECTRUM RENOVAVEIS SAS ESP,usuarios Empresa Departamento y Municipio,ND,ND,ND,ND,ND,ND,ND,1,1,ND,ND,2
ANTIOQUIA,BELLO,AES COLOMBIA & CIA S C A E S P,usuarios Empresa Departamento y Municipio,ND,ND,ND,ND,ND,ND,ND,ND,1,ND,ND,1
ANTIOQUIA,BELLO,CELSIA COLOMBIA S.A. E.S.P.,usuarios Empresa Departamento y Municipio,ND,ND,ND,ND,ND,ND,ND,ND,1,ND,ND,1
ANTIOQUIA,BELLO,DISTRIBUIDORA Y COMERCIALIZADORA DE ENERGIA ELECTRICA S.A. E.S.P.,usuarios Empresa Departamento y Municipio,ND,ND,ND,ND,ND,ND,ND,ND,5,ND,ND,5
ANTIOQUIA,BELLO,EMPRESAS P２LICAS DE MEDELLIN E.S.P.,usuarios Empresa Departamento y Municipio,46839,56798,63726,14959,60,26,182408,748,7638,209,2462,11057
ANTIOQUIA,BELLO,ENEL COLOMBIA S.A. E.S.P.,usuarios Empresa Departamento y Municipio,ND,ND,ND,ND,ND,ND,ND,ND,4,ND,ND,4
ANTIOQUIA,BELLO,ENERCO S.A. E.S.P.,usuarios Empresa Departamento y Municipio,ND,ND,ND,ND,ND,ND,ND,ND,2,ND,ND,2
ANTIOQUIA,BELLO,ENERTOTAL S.A. E.S.P.,usuarios Empresa Departamento y Municipio,ND,ND,2,ND,ND,ND,2,1,3,ND,ND,4
ANTIOQUIA,BELLO,ISAGEN S.A. E.S.P.,usuarios Empresa Departamento y Municipio,ND,ND,ND,ND,ND,ND,ND,ND,1,ND,ND,1
ANTIOQUIA,BELLO,PROFESIONALES EN ENERG페 S.A E.S.P,usuarios Empresa Departamento y Municipio,ND,ND,ND,1,ND,ND,1,ND,1,ND,ND,1
ANTIOQUIA,BELLO,QI ENERGY SAS ESP,usuarios Empresa Departamento y Municipio,ND,ND,ND,ND,ND,ND,ND,ND,2,ND,ND,2
ANTIOQUIA,BELLO,SPECTRUM RENOVAVEIS SAS ESP,usuarios Empresa Departamento y Municipio,ND,ND,ND,ND,ND,ND,ND,1,14,ND,ND,15
ANTIOQUIA,BELLO,TERPEL ENERGIA S.A.S E.S.P,usuarios Empresa Departamento y Municipio,ND,ND,ND,ND,ND,ND,ND,ND,1,ND,ND,1
ANTIOQUIA,BELLO,VATIA S.A. E.S.P.,usuarios Empresa Departamento y Municipio,ND,ND,ND,ND,1,ND,1,3,237,ND,ND,240
ANTIOQUIA,BELMIRA,EMPRESAS P２LICAS DE MEDELLIN E.S.P.,usuarios Empresa Departamento y Municipio,577,1034,468,69,28,28,2204,165,248,38,44,495
ANTIOQUIA,BETANIA,EMPRESAS P２LICAS DE MEDELLIN E.S.P.,usuarios Empresa Departamento y Municipio,447,2438,444,21,ND,1,3351,126,230,52,62,470
ANTIOQUIA,BETULIA,EMPRESAS P２LICAS DE MEDELLIN E.S.P.,usuarios Empresa Departamento y Municipio,3551,1931,700,205,1,5,6393,92,391,78,65,626
ANTIOQUIA,BETULIA,ENERTOTAL S.A. E.S.P.,usuarios Empresa Departamento y Municipio,ND,ND,ND,ND,ND,ND,ND,ND,3,ND,ND,3
ANTIOQUIA,BRICENO,EMPRESAS P２LICAS DE MEDELLIN E.S.P.,usuarios Empresa Departamento y Municipio,1073,1417,347,15,1,ND,2853,44,141,57,49,291
ANTIOQUIA,BURITICA,EMPRESAS P２LICAS DE MEDELLIN E.S.P.,usuarios Empresa Departamento y Municipio,1339,1399,137,11,1,ND,2887,31,129,55,65,280
ANTIOQUIA,CACERES,EMPRESAS P２LICAS DE MEDELLIN E.S.P.,usuarios Empresa Departamento y Municipio,7691,980,94,46,5,1,8817,20,419,88,223,750
ANTIOQUIA,CAICEDO,EMPRESAS P２LICAS DE MEDELLIN E.S.P.,usuarios Empresa Departamento y Municipio,1373,1648,164,1,ND,ND,3186,8,137,57,34,236
ANTIOQUIA,CALDAS,EMPRESAS P２LICAS DE MEDELLIN E.S.P.,usuarios Empresa Departamento y Municipio,3026,17514,7513,218,35,8,28314,248,2120,90,563,3021
ANTIOQUIA,CALDAS,ENERTOTAL S.A. E.S.P.,usuarios Empresa Departamento y Municipio,ND,ND,ND,ND,ND,ND,ND,1,1,ND,ND,2
ANTIOQUIA,CALDAS,NEU ENERGY SAS ESP,usuarios Empresa Departamento y Municipio,ND,ND,ND,ND,1,ND,1,ND,ND,ND,ND,ND
ANTIOQUIA,CALDAS,PROFESIONALES EN ENERG페 S.A E.S.P,usuarios Empresa Departamento y Municipio,ND,ND,ND,ND,ND,ND,ND,1,ND,ND,ND,1
ANTIOQUIA,CALDAS,SPECTRUM RENOVAVEIS SAS ESP,usuarios Empresa Departamento y Municipio,ND,ND,ND,ND,ND,ND,ND,1,ND,ND,ND,1
ANTIOQUIA,CALDAS,VATIA S.A. E.S.P.,usuarios Empresa Departamento y Municipio,ND,ND,ND,ND,ND,ND,ND,2,3,ND,ND,5
ANTIOQUIA,CAMPAMENTO,EMPRESAS P２LICAS DE MEDELLIN E.S.P.,usuarios Empresa Departamento y Municipio,654,1981,129,33,ND,ND,2797,92,196,61,23,372
ANTIOQUIA,CANASGORDAS,EMPRESAS P２LICAS DE MEDELLIN E.S.P.,usuarios Empresa Departamento y Municipio,2039,3897,159,15,ND,ND,6110,25,339,105,118,587
ANTIOQUIA,CANASGORDAS,VATIA S.A. E.S.P.,usuarios Empresa Departamento y Municipio,ND,ND,ND,ND,ND,ND,ND,1,ND,ND,ND,1
ANTIOQUIA,CARACOLI,EMPRESAS P２LICAS DE MEDELLIN E.S.P.,usuarios Empresa Departamento y Municipio,799,1067,58,4,1,ND,1929,15,143,40,39,237
ANTIOQUIA,CARAMANTA,CENTRAL HIDROELECTRICA DE CALDAS S.A. E.S.P. BIC BENEFICIO E INTERES COLECTIVO,usuarios Empresa Departamento y Municipio,ND,8,ND,ND,ND,ND,8,ND,ND,ND,ND,ND
ANTIOQUIA,CARAMANTA,EMPRESAS P２LICAS DE MEDELLIN E.S.P.,usuarios Empresa Departamento y Municipio,392,1081,578,7,1,2,2061,6,143,46,69,264
ANTIOQUIA,CAREPA,EMPRESAS P２LICAS DE MEDELLIN E.S.P.,usuarios Empresa Departamento y Municipio,6079,8508,1963,162,31,56,16799,170,1080,95,358,1703
ANTIOQUIA,CAREPA,ENEL COLOMBIA S.A. E.S.P.,usuarios Empresa Departamento y Municipio,ND,ND,ND,ND,ND,ND,ND,ND,1,ND,ND,1
ANTIOQUIA,CAREPA,VATIA S.A. E.S.P.,usuarios Empresa Departamento y Municipio,ND,ND,ND,ND,ND,ND,ND,2,3,ND,ND,5
ANTIOQUIA,CAROLINA,EMPRESAS P２LICAS DE MEDELLIN E.S.P.,usuarios Empresa Departamento y Municipio,352,1199,94,38,12,11,1706,14,131,51,55,251
ANTIOQUIA,CAUCASIA,CARIBEMAR DE LA COSTA S.A.S. E.S.P.,usuarios Empresa Departamento y Municipio,ND,ND,ND,ND,ND,ND,ND,ND,1,ND,ND,1
ANTIOQUIA,CAUCASIA,ECOPETROL ENERG페 S.A.S. E.S.P.,usuarios Empresa Departamento y Municipio,ND,ND,ND,ND,ND,ND,ND,1,ND,ND,ND,1
ANTIOQUIA,CAUCASIA,EMPRESAS P２LICAS DE MEDELLIN E.S.P.,usuarios Empresa Departamento y Municipio,15026,11593,4050,912,68,ND,31649,87,2876,202,512,3677
ANTIOQUIA,CAUCASIA,ENEL COLOMBIA S.A. E.S.P.,usuarios Empresa Departamento y Municipio,ND,ND,ND,ND,ND,ND,ND,1,1,ND,ND,2
ANTIOQUIA,CAUCASIA,ENERTOTAL S.A. E.S.P.,usuarios Empresa Departamento y Municipio,3,1,5,ND,ND,ND,9,3,22,ND,ND,25
ANTIOQUIA,CAUCASIA,VATIA S.A. E.S.P.,usuarios Empresa Departamento y Municipio,ND,ND,ND,ND,ND,ND,ND,1,5,ND,ND,6
ANTIOQUIA,CHIGORODO,EMPRESAS P２LICAS DE MEDELLIN E.S.P.,usuarios Empresa Departamento y Municipio,11712,8386,812,132,6,14,21062,98,1387,100,385,1970
ANTIOQUIA,CHIGORODO,ENERTOTAL S.A. E.S.P.,usuarios Empresa Departamento y Municipio,ND,ND,ND,ND,ND,ND,ND,1,ND,ND,ND,1
ANTIOQUIA,CHIGORODO,VATIA S.A. E.S.P.,usuarios Empresa Departamento y Municipio,ND,ND,ND,ND,ND,ND,ND,ND,3,ND,ND,3
ANTIOQUIA,CISNEROS,ECOPETROL ENERG페 S.A.S. E.S.P.,usuarios Empresa Departamento y Municipio,ND,ND,ND,ND,ND,ND,ND,1,ND,ND,ND,1
ANTIOQUIA,CISNEROS,EMPRESAS P２LICAS DE MEDELLIN E.S.P.,usuarios Empresa Departamento y Municipio,731,2746,698,18,4,ND,4197,60,398,51,103,612
ANTIOQUIA,CIUDAD BOLIVAR,EMPRESAS P２LICAS DE MEDELLIN E.S.P.,usuarios Empresa Departamento y Municipio,1770,4090,3265,121,11,2,9259,169,892,86,173,1320
ANTIOQUIA,CIUDAD BOLIVAR,VATIA S.A. E.S.P.,usuarios Empresa Departamento y Municipio,ND,ND,ND,ND,ND,ND,ND,ND,1,ND,ND,1
ANTIOQUIA,COCORNA,EMPRESAS P２LICAS DE MEDELLIN E.S.P.,usuarios Empresa Departamento y Municipio,1696,5207,1387,24,ND,ND,8314,39,400,104,62,605
ANTIOQUIA,COCORNA,ISAGEN S.A. E.S.P.,usuarios Empresa Departamento y Municipio,ND,ND,ND,ND,ND,ND,ND,1,ND,ND,ND,1
ANTIOQUIA,COCORNA,VATIA S.A. E.S.P.,usuarios Empresa Departamento y Municipio,1,ND,ND,ND,ND,ND,1,ND,ND,ND,ND,ND
ANTIOQUIA,CONCEPCION,EMPRESAS P２LICAS DE MEDELLIN E.S.P.,usuarios Empresa Departamento y Municipio,437,1363,470,18,3,1,2292,10,147,40,32,229
ANTIOQUIA,CONCORDIA,EMPRESAS P２LICAS DE MEDELLIN E.S.P.,usuarios Empresa Departamento y Municipio,1205,3995,1297,84,11,5,6597,158,443,84,81,766
ANTIOQUIA,CONCORDIA,VATIA S.A. E.S.P.,usuarios Empresa Departamento y Municipio,ND,ND,ND,ND,ND,ND,ND,1,ND,ND,ND,1
ANTIOQUIA,COPACABANA,EMPRESAS P２LICAS DE MEDELLIN E.S.P.,usuarios Empresa Departamento y Municipio,1483,17660,8899,448,174,123,28787,287,1423,67,817,2594
ANTIOQUIA,COPACABANA,ENERCO S.A. E.S.P.,usuarios Empresa Departamento y Municipio,ND,ND,ND,ND,ND,ND,ND,6,2,ND,ND,8
ANTIOQUIA,COPACABANA,ENERTOTAL S.A. E.S.P.,usuarios Empresa Departamento y Municipio,ND,ND,ND,ND,ND,ND,ND,1,ND,ND,ND,1
ANTIOQUIA,COPACABANA,PROFESIONALES EN ENERG페 S.A E.S.P,usuarios Empresa Departamento y Municipio,ND,ND,ND,ND,ND,ND,ND,ND,1,ND,ND,1
ANTIOQUIA,COPACABANA,QI ENERGY SAS ESP,usuarios Empresa Departamento y Municipio,ND,ND,ND,ND,ND,ND,ND,1,ND,ND,ND,1
ANTIOQUIA,COPACABANA,SPECTRUM RENOVAVEIS SAS ESP,usuarios Empresa Departamento y Municipio,ND,ND,ND,ND,ND,ND,ND,ND,1,ND,ND,1
ANTIOQUIA,COPACABANA,VATIA S.A. E.S.P.,usuarios Empresa Departamento y Municipio,ND,ND,ND,ND,ND,ND,ND,ND,1,ND,ND,1
ANTIOQUIA,DABEIBA,EMPRESAS P２LICAS DE MEDELLIN E.S.P.,usuarios Empresa Departamento y Municipio,3530,2459,1079,21,ND,ND,7089,26,400,133,93,652
ANTIOQUIA,DABEIBA,VATIA S.A. E.S.P.,usuarios Empresa Departamento y Municipio,ND,ND,ND,ND,ND,ND,ND,ND,1,ND,ND,1
ANTIOQUIA,DONMATIAS,EMPRESAS P２LICAS DE MEDELLIN E.S.P.,usuarios Empresa Departamento y Municipio,720,4214,2869,558,75,1,8437,409,998,109,220,1736
ANTIOQUIA,DONMATIAS,QI ENERGY SAS ESP,usuarios Empresa Departamento y Municipio,ND,ND,ND,ND,ND,ND,ND,ND,1,ND,ND,1
ANTIOQUIA,DONMATIAS,VATIA S.A. E.S.P.,usuarios Empresa Departamento y Municipio,ND,ND,ND,ND,ND,ND,ND,2,ND,ND,ND,2
ANTIOQUIA,EBEJICO,EMPRESAS P２LICAS DE MEDELLIN E.S.P.,usuarios Empresa Departamento y Municipio,3508,1542,441,36,3,20,5550,41,254,68,77,440
ANTIOQUIA,EL BAGRE,EMPRESAS P２LICAS DE MEDELLIN E.S.P.,usuarios Empresa Departamento y Municipio,12765,3721,375,58,ND,ND,16919,27,1028,103,302,1460
ANTIOQUIA,EL BAGRE,VATIA S.A. E.S.P.,usuarios Empresa Departamento y Municipio,ND,ND,ND,ND,ND,ND,ND,ND,ND,1,ND,1
ANTIOQUIA,EL CARMEN DE VIBORAL,EMPRESAS P２LICAS DE MEDELLIN E.S.P.,usuarios Empresa Departamento y Municipio,1224,9287,9676,438,119,50,20794,213,1550,96,520,2379
ANTIOQUIA,EL CARMEN DE VIBORAL,ENERTOTAL S.A. E.S.P.,usuarios Empresa Departamento y Municipio,ND,ND,ND,ND,ND,ND,ND,ND,1,ND,ND,1
ANTIOQUIA,EL SANTUARIO,EMPRESAS P２LICAS DE MEDELLIN E.S.P.,usuarios Empresa Departamento y Municipio,1421,8163,3311,192,30,1,13118,140,1171,83,218,1612
ANTIOQUIA,EL SANTUARIO,VATIA S.A. E.S.P.,usuarios Empresa Departamento y Municipio,ND,ND,ND,ND,ND,ND,ND,ND,1,ND,ND,1
ANTIOQUIA,ENTRERRIOS,EMPRESAS P２LICAS DE MEDELLIN E.S.P.,usuarios Empresa Departamento y Municipio,302,669,1969,653,141,120,3854,358,687,45,76,1166
ANTIOQUIA,ENVIGADO,CELSIA COLOMBIA S.A. E.S.P.,usuarios Empresa Departamento y Municipio,ND,ND,ND,ND,ND,ND,ND,1,ND,1,ND,2
ANTIOQUIA,ENVIGADO,DISTRIBUIDORA Y COMERCIALIZADORA DE ENERGIA ELECTRICA S.A. E.S.P.,usuarios Empresa Departamento y Municipio,ND,ND,ND,ND,ND,ND,ND,ND,3,ND,ND,3
ANTIOQUIA,ENVIGADO,EMPRESAS P２LICAS DE MEDELLIN E.S.P.,usuarios Empresa Departamento y Municipio,379,15954,28813,17460,20198,2072,84876,1262,6626,211,1612,9711
ANTIOQUIA,ENVIGADO,ENEL COLOMBIA S.A. E.S.P.,usuarios Empresa Departamento y Municipio,ND,ND,ND,ND,ND,ND,ND,1,6,ND,ND,7
ANTIOQUIA,ENVIGADO,ENERCO S.A. E.S.P.,usuarios Empresa Departamento y Municipio,ND,ND,ND,ND,ND,ND,ND,4,8,ND,ND,12
ANTIOQUIA,ENVIGADO,ENERTOTAL S.A. E.S.P.,usuarios Empresa Departamento y Municipio,ND,ND,ND,ND,ND,ND,ND,1,5,ND,ND,6
ANTIOQUIA,ENVIGADO,ISAGEN S.A. E.S.P.,usuarios Empresa Departamento y Municipio,ND,ND,ND,ND,ND,ND,ND,1,ND,ND,ND,1
ANTIOQUIA,ENVIGADO,NEU ENERGY SAS ESP,usuarios Empresa Departamento y Municipio,ND,ND,1,1,5,2,9,1,ND,ND,ND,1
ANTIOQUIA,ENVIGADO,PROFESIONALES EN ENERG페 S.A E.S.P,usuarios Empresa Departamento y Municipio,ND,ND,ND,3,ND,ND,3,ND,6,ND,ND,6
ANTIOQUIA,ENVIGADO,SPECTRUM RENOVAVEIS SAS ESP,usuarios Empresa Departamento y Municipio,ND,ND,ND,ND,ND,ND,ND,1,9,ND,ND,10
ANTIOQUIA,ENVIGADO,VATIA S.A. E.S.P.,usuarios Empresa Departamento y Municipio,ND,5,2,3,683,1,694,5,191,1,ND,197
ANTIOQUIA,FREDONIA,EMPRESAS P２LICAS DE MEDELLIN E.S.P.,usuarios Empresa Departamento y Municipio,2791,2900,1898,284,203,51,8127,145,578,81,231,1035
ANTIOQUIA,FREDONIA,VATIA S.A. E.S.P.,usuarios Empresa Departamento y Municipio,ND,ND,ND,ND,ND,ND,ND,1,ND,ND,ND,1
ANTIOQUIA,FRONTINO,EMPRESAS P２LICAS DE MEDELLIN E.S.P.,usuarios Empresa Departamento y Municipio,2317,3114,1269,139,ND,4,6843,51,491,98,148,788
ANTIOQUIA,FRONTINO,VATIA S.A. E.S.P.,usuarios Empresa Departamento y Municipio,ND,ND,ND,ND,ND,ND,ND,ND,2,ND,ND,2
ANTIOQUIA,GIRALDO,EMPRESAS P２LICAS DE MEDELLIN E.S.P.,usuarios Empresa Departamento y Municipio,1179,889,70,3,ND,ND,2141,12,107,31,57,207
ANTIOQUIA,GIRARDOTA,CELSIA COLOMBIA S.A. E.S.P.,usuarios Empresa Departamento y Municipio,ND,ND,ND,ND,ND,ND,ND,1,ND,ND,ND,1
ANTIOQUIA,GIRARDOTA,EMPRESAS P２LICAS DE MEDELLIN E.S.P.,usuarios Empresa Departamento y Municipio,1221,14097,2187,329,123,100,18057,243,1162,72,646,2123
ANTIOQUIA,GIRARDOTA,ENERCO S.A. E.S.P.,usuarios Empresa Departamento y Municipio,ND,ND,ND,ND,ND,ND,ND,1,ND,ND,ND,1
ANTIOQUIA,GIRARDOTA,ENERTOTAL S.A. E.S.P.,usuarios Empresa Departamento y Municipio,ND,ND,ND,ND,ND,ND,ND,2,ND,ND,ND,2
ANTIOQUIA,GIRARDOTA,ISAGEN S.A. E.S.P.,usuarios Empresa Departamento y Municipio,ND,ND,ND,ND,ND,ND,ND,3,ND,ND,ND,3
ANTIOQUIA,GIRARDOTA,ITALCOL ENERGIA S.A. ESP.,usuarios Empresa Departamento y Municipio,ND,ND,ND,ND,ND,ND,ND,1,ND,ND,ND,1
ANTIOQUIA,GIRARDOTA,QI ENERGY SAS ESP,usuarios Empresa Departamento y Municipio,ND,ND,ND,ND,ND,ND,ND,2,ND,ND,ND,2
ANTIOQUIA,GIRARDOTA,SPECTRUM RENOVAVEIS SAS ESP,usuarios Empresa Departamento y Municipio,ND,ND,ND,ND,ND,ND,ND,ND,2,ND,ND,2
ANTIOQUIA,GIRARDOTA,VATIA S.A. E.S.P.,usuarios Empresa Departamento y Municipio,ND,ND,ND,ND,ND,ND,ND,1,1,ND,ND,2
ANTIOQUIA,GOMEZ PLATA,EMPRESAS P２LICAS DE MEDELLIN E.S.P.,usuarios Empresa Departamento y Municipio,1518,2813,134,52,10,7,4534,25,291,68,94,478
ANTIOQUIA,GRANADA,EMPRESAS P２LICAS DE MEDELLIN E.S.P.,usuarios Empresa Departamento y Municipio,1063,2879,1969,19,1,2,5933,16,253,87,66,422
ANTIOQUIA,GUADALUPE,EMPRESAS P２LICAS DE MEDELLIN E.S.P.,usuarios Empresa Departamento y Municipio,713,1659,110,8,ND,ND,2490,42,167,78,31,318
ANTIOQUIA,GUARNE,EMPRESAS P２LICAS DE MEDELLIN E.S.P.,usuarios Empresa Departamento y Municipio,2888,7861,8758,1278,391,24,21200,226,1342,123,665,2356
ANTIOQUIA,GUARNE,ENERTOTAL S.A. E.S.P.,usuarios Empresa Departamento y Municipio,ND,ND,ND,ND,ND,ND,ND,5,ND,ND,ND,5
ANTIOQUIA,GUARNE,ISAGEN S.A. E.S.P.,usuarios Empresa Departamento y Municipio,ND,ND,ND,ND,ND,ND,ND,4,ND,ND,ND,4
ANTIOQUIA,GUARNE,NEU ENERGY SAS ESP,usuarios Empresa Departamento y Municipio,ND,ND,ND,ND,ND,ND,ND,1,ND,ND,ND,1
ANTIOQUIA,GUARNE,SPECTRUM RENOVAVEIS SAS ESP,usuarios Empresa Departamento y Municipio,ND,ND,ND,ND,ND,ND,ND,2,3,ND,ND,5
ANTIOQUIA,GUARNE,VATIA S.A. E.S.P.,usuarios Empresa Departamento y Municipio,ND,ND,ND,ND,ND,ND,ND,2,ND,ND,ND,2
ANTIOQUIA,GUATAPE,EMPRESAS P２LICAS DE MEDELLIN E.S.P.,usuarios Empresa Departamento y Municipio,128,1481,1934,262,20,24,3849,18,484,54,112,668
ANTIOQUIA,HELICONIA,EMPRESAS P２LICAS DE MEDELLIN E.S.P.,usuarios Empresa Departamento y Municipio,745,1748,186,22,5,1,2707,34,119,46,52,251
ANTIOQUIA,HISPANIA,EMPRESAS P２LICAS DE MEDELLIN E.S.P.,usuarios Empresa Departamento y Municipio,301,1269,436,17,1,ND,2024,33,175,38,29,275
ANTIOQUIA,ITAGUI,CELSIA COLOMBIA S.A. E.S.P.,usuarios Empresa Departamento y Municipio,ND,ND,ND,ND,ND,ND,ND,3,1,ND,ND,4
ANTIOQUIA,ITAGUI,COLOMBINA ENERGIA SAS ESP,usuarios Empresa Departamento y Municipio,ND,ND,ND,ND,ND,ND,ND,1,ND,ND,ND,1
ANTIOQUIA,ITAGUI,DISTRIBUIDORA Y COMERCIALIZADORA DE ENERGIA ELECTRICA S.A. E.S.P.,usuarios Empresa Departamento y Municipio,ND,ND,ND,ND,ND,ND,ND,4,1,ND,ND,5
ANTIOQUIA,ITAGUI,EMPRESAS P２LICAS DE MEDELLIN E.S.P.,usuarios Empresa Departamento y Municipio,7145,33940,49119,5804,ND,ND,96008,1773,8259,185,1588,11805
ANTIOQUIA,ITAGUI,ENEL COLOMBIA S.A. E.S.P.,usuarios Empresa Departamento y Municipio,ND,ND,ND,ND,ND,ND,ND,3,2,ND,ND,5
ANTIOQUIA,ITAGUI,ENERCO S.A. E.S.P.,usuarios Empresa Departamento y Municipio,ND,ND,ND,1,ND,ND,1,22,2,ND,ND,24
ANTIOQUIA,ITAGUI,ENERTOTAL S.A. E.S.P.,usuarios Empresa Departamento y Municipio,ND,ND,ND,ND,ND,ND,ND,53,29,ND,ND,82
ANTIOQUIA,ITAGUI,ISAGEN S.A. E.S.P.,usuarios Empresa Departamento y Municipio,ND,ND,ND,ND,ND,ND,ND,7,ND,ND,ND,7
ANTIOQUIA,ITAGUI,NEU ENERGY SAS ESP,usuarios Empresa Departamento y Municipio,ND,ND,2,2,ND,ND,4,1,1,ND,ND,2
ANTIOQUIA,ITAGUI,PROFESIONALES EN ENERG페 S.A E.S.P,usuarios Empresa Departamento y Municipio,ND,ND,ND,ND,ND,ND,ND,ND,2,ND,ND,2
ANTIOQUIA,ITAGUI,QI ENERGY SAS ESP,usuarios Empresa Departamento y Municipio,ND,ND,ND,ND,ND,ND,ND,ND,2,ND,ND,2
ANTIOQUIA,ITAGUI,SPECTRUM RENOVAVEIS SAS ESP,usuarios Empresa Departamento y Municipio,ND,ND,ND,ND,ND,ND,ND,8,6,ND,ND,14
ANTIOQUIA,ITAGUI,TERPEL ENERGIA S.A.S E.S.P,usuarios Empresa Departamento y Municipio,ND,ND,ND,ND,ND,ND,ND,ND,1,ND,ND,1
ANTIOQUIA,ITAGUI,VATIA S.A. E.S.P.,usuarios Empresa Departamento y Municipio,ND,ND,3,ND,160,ND,163,71,203,ND,ND,274
ANTIOQUIA,ITUANGO,EMPRESAS P２LICAS DE MEDELLIN E.S.P.,usuarios Empresa Departamento y Municipio,4110,2871,483,48,5,ND,7517,45,470,110,104,729
ANTIOQUIA,ITUANGO,VATIA S.A. E.S.P.,usuarios Empresa Departamento y Municipio,ND,ND,ND,ND,ND,ND,ND,1,ND,ND,ND,1
ANTIOQUIA,JARDIN,EMPRESAS P２LICAS DE MEDELLIN E.S.P.,usuarios Empresa Departamento y Municipio,1009,3720,1351,300,12,ND,6392,84,469,71,77,701
ANTIOQUIA,JARDIN,ENERCO S.A. E.S.P.,usuarios Empresa Departamento y Municipio,ND,ND,ND,ND,ND,ND,ND,ND,1,ND,ND,1
ANTIOQUIA,JARDIN,SPECTRUM RENOVAVEIS SAS ESP,usuarios Empresa Departamento y Municipio,ND,ND,ND,ND,ND,ND,ND,ND,1,ND,ND,1
ANTIOQUIA,JERICO,EMPRESAS P２LICAS DE MEDELLIN E.S.P.,usuarios Empresa Departamento y Municipio,1379,2102,1261,118,32,118,5010,42,482,65,158,747
ANTIOQUIA,JERICO,ENERTOTAL S.A. E.S.P.,usuarios Empresa Departamento y Municipio,ND,ND,ND,ND,ND,ND,ND,ND,1,ND,ND,1
ANTIOQUIA,JERICO,VATIA S.A. E.S.P.,usuarios Empresa Departamento y Municipio,ND,ND,ND,ND,ND,ND,ND,ND,1,ND,ND,1
ANTIOQUIA,LA CEJA,EMPRESAS P２LICAS DE MEDELLIN E.S.P.,usuarios Empresa Departamento y Municipio,610,4419,13975,3381,968,34,23387,266,2587,133,756,3742
ANTIOQUIA,LA CEJA,ENERCO S.A. E.S.P.,usuarios Empresa Departamento y Municipio,ND,ND,ND,ND,ND,ND,ND,1,ND,ND,ND,1
ANTIOQUIA,LA CEJA,ENERTOTAL S.A. E.S.P.,usuarios Empresa Departamento y Municipio,ND,ND,ND,ND,ND,ND,ND,ND,1,ND,ND,1
ANTIOQUIA,LA CEJA,PROFESIONALES EN ENERG페 S.A E.S.P,usuarios Empresa Departamento y Municipio,ND,ND,ND,ND,ND,ND,ND,ND,2,ND,ND,2
ANTIOQUIA,LA CEJA,SPECTRUM RENOVAVEIS SAS ESP,usuarios Empresa Departamento y Municipio,ND,ND,ND,ND,ND,ND,ND,ND,5,ND,ND,5
ANTIOQUIA,LA CEJA,VATIA S.A. E.S.P.,usuarios Empresa Departamento y Municipio,ND,ND,ND,ND,ND,ND,ND,1,2,ND,ND,3
ANTIOQUIA,LA ESTRELLA,DISTRIBUIDORA Y COMERCIALIZADORA DE ENERGIA ELECTRICA S.A. E.S.P.,usuarios Empresa Departamento y Municipio,ND,ND,ND,ND,ND,ND,ND,1,ND,ND,ND,1
ANTIOQUIA,LA ESTRELLA,EMPRESAS P２LICAS DE MEDELLIN E.S.P.,usuarios Empresa Departamento y Municipio,2524,10665,8628,4999,219,40,27075,619,1374,56,497,2546
ANTIOQUIA,LA ESTRELLA,ENERCO S.A. E.S.P.,usuarios Empresa Departamento y Municipio,ND,ND,ND,ND,ND,ND,ND,6,ND,ND,ND,6
ANTIOQUIA,LA ESTRELLA,ENERTOTAL S.A. E.S.P.,usuarios Empresa Departamento y Municipio,ND,ND,ND,ND,ND,ND,ND,10,ND,ND,ND,10
ANTIOQUIA,LA ESTRELLA,ISAGEN S.A. E.S.P.,usuarios Empresa Departamento y Municipio,ND,ND,ND,ND,ND,ND,ND,2,ND,ND,ND,2
ANTIOQUIA,LA ESTRELLA,NEU ENERGY SAS ESP,usuarios Empresa Departamento y Municipio,ND,ND,ND,ND,ND,ND,ND,ND,2,ND,ND,2
ANTIOQUIA,LA ESTRELLA,PROFESIONALES EN ENERG페 S.A E.S.P,usuarios Empresa Departamento y Municipio,ND,ND,ND,ND,ND,ND,ND,2,1,ND,ND,3
ANTIOQUIA,LA ESTRELLA,SPECTRUM RENOVAVEIS SAS ESP,usuarios Empresa Departamento y Municipio,ND,ND,ND,ND,ND,ND,ND,3,3,ND,ND,6
ANTIOQUIA,LA ESTRELLA,VATIA S.A. E.S.P.,usuarios Empresa Departamento y Municipio,ND,ND,ND,ND,ND,ND,ND,13,1,ND,ND,14
ANTIOQUIA,LA PINTADA,EMPRESAS P２LICAS DE MEDELLIN E.S.P.,usuarios Empresa Departamento y Municipio,838,1241,395,342,73,27,2916,30,386,30,103,549
ANTIOQUIA,LA PINTADA,ENERCO S.A. E.S.P.,usuarios Empresa Departamento y Municipio,ND,ND,ND,ND,ND,ND,ND,ND,1,ND,ND,1
ANTIOQUIA,LA PINTADA,SPECTRUM RENOVAVEIS SAS ESP,usuarios Empresa Departamento y Municipio,ND,ND,ND,ND,ND,ND,ND,ND,1,ND,ND,1
ANTIOQUIA,LA UNION,EMPRESAS P２LICAS DE MEDELLIN E.S.P.,usuarios Empresa Departamento y Municipio,1087,4130,1851,219,90,89,7466,108,908,71,144,1231
ANTIOQUIA,LA UNION,ENERTOTAL S.A. E.S.P.,usuarios Empresa Departamento y Municipio,ND,ND,ND,ND,ND,ND,ND,1,ND,ND,ND,1
ANTIOQUIA,LA UNION,VATIA S.A. E.S.P.,usuarios Empresa Departamento y Municipio,ND,ND,ND,ND,ND,ND,ND,1,1,ND,ND,2
ANTIOQUIA,LIBORINA,EMPRESAS P２LICAS DE MEDELLIN E.S.P.,usuarios Empresa Departamento y Municipio,2333,1724,324,12,ND,ND,4393,11,225,67,60,363
ANTIOQUIA,MACEO,EMPRESAS P２LICAS DE MEDELLIN E.S.P.,usuarios Empresa Departamento y Municipio,1203,2010,404,50,33,32,3732,25,272,62,48,407
ANTIOQUIA,MARINILLA,EMPRESAS P２LICAS DE MEDELLIN E.S.P.,usuarios Empresa Departamento y Municipio,2462,5971,13191,1142,144,4,22914,139,1626,93,526,2384
ANTIOQUIA,MARINILLA,ENERCO S.A. E.S.P.,usuarios Empresa Departamento y Municipio,ND,ND,ND,ND,ND,ND,ND,1,ND,ND,ND,1
ANTIOQUIA,MARINILLA,ENERTOTAL S.A. E.S.P.,usuarios Empresa Departamento y Municipio,ND,1,12,ND,ND,ND,13,1,13,ND,ND,14
ANTIOQUIA,MARINILLA,ISAGEN S.A. E.S.P.,usuarios Empresa Departamento y Municipio,ND,ND,ND,ND,ND,ND,ND,1,ND,ND,ND,1
ANTIOQUIA,MARINILLA,SPECTRUM RENOVAVEIS SAS ESP,usuarios Empresa Departamento y Municipio,ND,ND,ND,ND,ND,ND,ND,1,4,ND,ND,5
ANTIOQUIA,MARINILLA,VATIA S.A. E.S.P.,usuarios Empresa Departamento y Municipio,ND,ND,ND,ND,ND,ND,ND,4,6,ND,ND,10
ANTIOQUIA,MEDELL펥,AES COLOMBIA & CIA S C A E S P,usuarios Empresa Departamento y Municipio,ND,ND,ND,ND,ND,ND,ND,1,ND,ND,ND,1
ANTIOQUIA,MEDELL펥,AIR-E S.A.S. E.S.P.,usuarios Empresa Departamento y Municipio,ND,ND,ND,ND,ND,ND,ND,ND,2,ND,ND,2
ANTIOQUIA,MEDELL펥,CARIBEMAR DE LA COSTA S.A.S. E.S.P.,usuarios Empresa Departamento y Municipio,ND,ND,ND,ND,ND,ND,ND,ND,2,ND,ND,2
ANTIOQUIA,MEDELL펥,CELSIA COLOMBIA S.A. E.S.P.,usuarios Empresa Departamento y Municipio,ND,ND,ND,ND,ND,ND,ND,1,10,ND,ND,11
ANTIOQUIA,MEDELL펥,DISTRIBUIDORA Y COMERCIALIZADORA DE ENERGIA ELECTRICA S.A. E.S.P.,usuarios Empresa Departamento y Municipio,ND,ND,ND,ND,1,ND,1,3,34,ND,ND,37
ANTIOQUIA,MEDELL펥,ECOPETROL ENERG페 S.A.S. E.S.P.,usuarios Empresa Departamento y Municipio,ND,ND,ND,ND,ND,ND,ND,1,ND,ND,ND,1
ANTIOQUIA,MEDELL펥,EMPRESAS P２LICAS DE MEDELLIN E.S.P.,usuarios Empresa Departamento y Municipio,126057,301447,255574,101216,72420,38863,895577,7166,75921,1838,15797,100722
ANTIOQUIA,MEDELL펥,ENEL COLOMBIA S.A. E.S.P.,usuarios Empresa Departamento y Municipio,ND,ND,ND,ND,ND,ND,ND,5,49,4,ND,58
ANTIOQUIA,MEDELL펥,ENERCO S.A. E.S.P.,usuarios Empresa Departamento y Municipio,ND,ND,ND,ND,ND,ND,ND,41,6,ND,ND,47
ANTIOQUIA,MEDELL펥,ENERTOTAL S.A. E.S.P.,usuarios Empresa Departamento y Municipio,ND,ND,ND,28,195,ND,223,76,701,ND,ND,777
ANTIOQUIA,MEDELL펥,ISAGEN S.A. E.S.P.,usuarios Empresa Departamento y Municipio,ND,ND,ND,ND,ND,ND,ND,1,ND,1,ND,2
ANTIOQUIA,MEDELL펥,NEU ENERGY SAS ESP,usuarios Empresa Departamento y Municipio,ND,ND,ND,ND,6,11,17,10,14,ND,ND,24
ANTIOQUIA,MEDELL펥,PROFESIONALES EN ENERG페 S.A E.S.P,usuarios Empresa Departamento y Municipio,ND,ND,ND,11,ND,ND,11,3,17,ND,ND,20
ANTIOQUIA,MEDELL펥,QI ENERGY SAS ESP,usuarios Empresa Departamento y Municipio,ND,ND,ND,ND,ND,ND,ND,1,14,ND,ND,15
ANTIOQUIA,MEDELL펥,SPECTRUM RENOVAVEIS SAS ESP,usuarios Empresa Departamento y Municipio,ND,ND,ND,ND,2,1,3,17,75,ND,ND,92
ANTIOQUIA,MEDELL펥,TERPEL ENERGIA S.A.S E.S.P,usuarios Empresa Departamento y Municipio,ND,ND,ND,ND,ND,ND,ND,ND,5,ND,ND,5
ANTIOQUIA,MEDELL펥,VATIA S.A. E.S.P.,usuarios Empresa Departamento y Municipio,ND,ND,1,1,1363,50,1415,33,2258,6,ND,2297
ANTIOQUIA,MONTEBELLO,EMPRESAS P２LICAS DE MEDELLIN E.S.P.,usuarios Empresa Departamento y Municipio,1836,1053,403,12,1,2,3307,13,143,59,49,264
ANTIOQUIA,MUTATA,EMPRESAS P２LICAS DE MEDELLIN E.S.P.,usuarios Empresa Departamento y Municipio,3714,1126,59,32,ND,ND,4931,24,263,54,132,473
ANTIOQUIA,MUTATA,VATIA S.A. E.S.P.,usuarios Empresa Departamento y Municipio,ND,ND,ND,ND,ND,ND,ND,ND,1,ND,ND,1
ANTIOQUIA,NARINO,CENTRAL HIDROELECTRICA DE CALDAS S.A. E.S.P. BIC BENEFICIO E INTERES COLECTIVO,usuarios Empresa Departamento y Municipio,163,464,6,ND,ND,ND,633,ND,22,10,11,43
ANTIOQUIA,NARINO,EMPRESAS P２LICAS DE MEDELLIN E.S.P.,usuarios Empresa Departamento y Municipio,753,2354,158,ND,ND,ND,3265,5,198,71,33,307
ANTIOQUIA,NECHI,EMPRESAS P２LICAS DE MEDELLIN E.S.P.,usuarios Empresa Departamento y Municipio,6509,880,72,36,11,1,7509,10,430,52,72,564
ANTIOQUIA,NECOCLI,EMPRESAS P２LICAS DE MEDELLIN E.S.P.,usuarios Empresa Departamento y Municipio,13131,2380,414,69,1,1,15996,31,797,132,343,1303
ANTIOQUIA,NECOCLI,VATIA S.A. E.S.P.,usuarios Empresa Departamento y Municipio,ND,ND,ND,ND,ND,ND,ND,ND,1,ND,ND,1
ANTIOQUIA,OLAYA,EMPRESAS P２LICAS DE MEDELLIN E.S.P.,usuarios Empresa Departamento y Municipio,662,925,112,22,166,10,1897,9,49,43,54,155
ANTIOQUIA,OLAYA,ENERTOTAL S.A. E.S.P.,usuarios Empresa Departamento y Municipio,ND,ND,ND,ND,ND,ND,ND,1,ND,ND,ND,1
ANTIOQUIA,PENOL,EMPRESAS P２LICAS DE MEDELLIN E.S.P.,usuarios Empresa Departamento y Municipio,538,7599,1236,344,41,23,9781,90,768,55,165,1078
ANTIOQUIA,PEQUE,EMPRESAS P２LICAS DE MEDELLIN E.S.P.,usuarios Empresa Departamento y Municipio,2329,810,67,4,ND,ND,3210,5,131,75,64,275
ANTIOQUIA,PUEBLORRICO,EMPRESAS P２LICAS DE MEDELLIN E.S.P.,usuarios Empresa Departamento y Municipio,1379,1323,235,5,ND,ND,2942,27,258,37,68,390
ANTIOQUIA,PUEBLORRICO,VATIA S.A. E.S.P.,usuarios Empresa Departamento y Municipio,ND,ND,ND,ND,ND,ND,ND,ND,1,ND,ND,1
ANTIOQUIA,PUERTO BERRIO,CEMEX ENERGY SAS ESP,usuarios Empresa Departamento y Municipio,ND,ND,ND,ND,ND,ND,ND,1,ND,ND,ND,1
ANTIOQUIA,PUERTO BERRIO,ECOPETROL ENERG페 S.A.S. E.S.P.,usuarios Empresa Departamento y Municipio,ND,ND,ND,ND,ND,ND,ND,2,ND,ND,ND,2
ANTIOQUIA,PUERTO BERRIO,EMPRESAS P２LICAS DE MEDELLIN E.S.P.,usuarios Empresa Departamento y Municipio,8599,3626,1287,163,83,45,13803,131,1293,120,303,1847
ANTIOQUIA,PUERTO BERRIO,ENERTOTAL S.A. E.S.P.,usuarios Empresa Departamento y Municipio,ND,ND,ND,ND,ND,ND,ND,2,4,ND,ND,6
ANTIOQUIA,PUERTO BERRIO,PROFESIONALES EN ENERG페 S.A E.S.P,usuarios Empresa Departamento y Municipio,ND,ND,ND,ND,ND,ND,ND,ND,1,ND,ND,1
ANTIOQUIA,PUERTO NARE,EMPRESAS P２LICAS DE MEDELLIN E.S.P.,usuarios Empresa Departamento y Municipio,1810,3001,281,31,4,4,5131,33,439,99,138,709
ANTIOQUIA,PUERTO NARE,GENERADORA Y COMERCIALIZADORA DE ENERGIA DEL CARIBE S.A E.S.P,usuarios Empresa Departamento y Municipio,ND,ND,ND,ND,ND,ND,ND,2,ND,ND,ND,2
ANTIOQUIA,PUERTO TRIUNFO,EMPRESAS P２LICAS DE MEDELLIN E.S.P.,usuarios Empresa Departamento y Municipio,1304,4589,258,155,81,22,6409,55,589,93,179,916
ANTIOQUIA,REMEDIOS,EMPRESAS P２LICAS DE MEDELLIN E.S.P.,usuarios Empresa Departamento y Municipio,4979,3856,1800,292,22,10,10959,152,735,122,214,1223
ANTIOQUIA,RETIRO,EMPRESAS P２LICAS DE MEDELLIN E.S.P.,usuarios Empresa Departamento y Municipio,324,1612,4535,1605,2469,87,10632,403,1067,119,398,1987
ANTIOQUIA,RETIRO,PROFESIONALES EN ENERG페 S.A E.S.P,usuarios Empresa Departamento y Municipio,ND,ND,ND,ND,ND,ND,ND,ND,1,ND,ND,1
ANTIOQUIA,RETIRO,SPECTRUM RENOVAVEIS SAS ESP,usuarios Empresa Departamento y Municipio,ND,ND,ND,ND,ND,ND,ND,ND,1,ND,ND,1
ANTIOQUIA,RIONEGRO,CELSIA COLOMBIA S.A. E.S.P.,usuarios Empresa Departamento y Municipio,ND,ND,ND,ND,ND,ND,ND,1,ND,ND,ND,1
ANTIOQUIA,RIONEGRO,DISTRIBUIDORA Y COMERCIALIZADORA DE ENERGIA ELECTRICA S.A. E.S.P.,usuarios Empresa Departamento y Municipio,ND,ND,ND,ND,ND,ND,ND,1,1,ND,ND,2
ANTIOQUIA,RIONEGRO,EMPRESA MUNICIPAL DE ENERG페 EL텎TRICA S.A-E.S.P,usuarios Empresa Departamento y Municipio,ND,ND,ND,ND,ND,ND,ND,ND,1,ND,ND,1
ANTIOQUIA,RIONEGRO,EMPRESAS P２LICAS DE MEDELLIN E.S.P.,usuarios Empresa Departamento y Municipio,1966,10449,21579,10982,2772,1270,49018,874,6775,324,1828,9801
ANTIOQUIA,RIONEGRO,ENEL COLOMBIA S.A. E.S.P.,usuarios Empresa Departamento y Municipio,ND,ND,ND,ND,ND,ND,ND,1,4,ND,ND,5
ANTIOQUIA,RIONEGRO,ENERTOTAL S.A. E.S.P.,usuarios Empresa Departamento y Municipio,1,ND,270,ND,ND,1,272,4,6,ND,ND,10
ANTIOQUIA,RIONEGRO,ISAGEN S.A. E.S.P.,usuarios Empresa Departamento y Municipio,ND,ND,ND,ND,ND,ND,ND,3,ND,ND,ND,3
ANTIOQUIA,RIONEGRO,NEU ENERGY SAS ESP,usuarios Empresa Departamento y Municipio,ND,ND,ND,1,2,ND,3,1,ND,ND,ND,1
ANTIOQUIA,RIONEGRO,PROFESIONALES EN ENERG페 S.A E.S.P,usuarios Empresa Departamento y Municipio,ND,ND,ND,ND,ND,ND,ND,1,3,ND,ND,4
ANTIOQUIA,RIONEGRO,QI ENERGY SAS ESP,usuarios Empresa Departamento y Municipio,ND,ND,ND,ND,ND,ND,ND,ND,1,ND,ND,1
ANTIOQUIA,RIONEGRO,SPECTRUM RENOVAVEIS SAS ESP,usuarios Empresa Departamento y Municipio,ND,ND,ND,ND,ND,ND,ND,ND,8,ND,ND,8
ANTIOQUIA,RIONEGRO,VATIA S.A. E.S.P.,usuarios Empresa Departamento y Municipio,ND,ND,ND,ND,ND,ND,ND,5,110,2,ND,117
ANTIOQUIA,SABANALARGA,EMPRESAS P２LICAS DE MEDELLIN E.S.P.,usuarios Empresa Departamento y Municipio,2772,1082,167,2,ND,ND,4023,5,171,66,69,311
ANTIOQUIA,SABANALARGA,PROFESIONALES EN ENERG페 S.A E.S.P,usuarios Empresa Departamento y Municipio,ND,ND,ND,ND,ND,ND,ND,ND,1,ND,ND,1
ANTIOQUIA,SABANALARGA,QI ENERGY SAS ESP,usuarios Empresa Departamento y Municipio,ND,ND,ND,ND,ND,ND,ND,ND,1,ND,ND,1
ANTIOQUIA,SABANETA,CELSIA COLOMBIA S.A. E.S.P.,usuarios Empresa Departamento y Municipio,ND,ND,ND,ND,ND,ND,ND,ND,4,ND,ND,4
ANTIOQUIA,SABANETA,EMPRESAS P２LICAS DE MEDELLIN E.S.P.,usuarios Empresa Departamento y Municipio,403,10008,17720,14254,79,7,42471,712,3294,95,432,4533
ANTIOQUIA,SABANETA,ENEL COLOMBIA S.A. E.S.P.,usuarios Empresa Departamento y Municipio,ND,ND,ND,ND,ND,ND,ND,2,2,ND,ND,4
ANTIOQUIA,SABANETA,ENERCO S.A. E.S.P.,usuarios Empresa Departamento y Municipio,ND,ND,ND,ND,ND,ND,ND,2,ND,ND,ND,2
ANTIOQUIA,SABANETA,ENERTOTAL S.A. E.S.P.,usuarios Empresa Departamento y Municipio,ND,ND,ND,ND,ND,ND,ND,2,1,ND,ND,3
ANTIOQUIA,SABANETA,ISAGEN S.A. E.S.P.,usuarios Empresa Departamento y Municipio,ND,ND,ND,ND,ND,ND,ND,3,1,ND,ND,4
ANTIOQUIA,SABANETA,NEU ENERGY SAS ESP,usuarios Empresa Departamento y Municipio,ND,ND,ND,ND,ND,ND,ND,1,1,ND,ND,2
ANTIOQUIA,SABANETA,PROFESIONALES EN ENERG페 S.A E.S.P,usuarios Empresa Departamento y Municipio,ND,ND,ND,ND,ND,ND,ND,2,ND,ND,ND,2
ANTIOQUIA,SABANETA,QI ENERGY SAS ESP,usuarios Empresa Departamento y Municipio,ND,ND,ND,ND,ND,ND,ND,ND,1,ND,ND,1
ANTIOQUIA,SABANETA,SPECTRUM RENOVAVEIS SAS ESP,usuarios Empresa Departamento y Municipio,ND,ND,ND,ND,ND,ND,ND,4,5,ND,ND,9
ANTIOQUIA,SABANETA,VATIA S.A. E.S.P.,usuarios Empresa Departamento y Municipio,ND,1,ND,ND,ND,ND,1,7,8,1,ND,16
ANTIOQUIA,SALGAR,EMPRESAS P２LICAS DE MEDELLIN E.S.P.,usuarios Empresa Departamento y Municipio,3035,2090,876,55,8,1,6065,140,400,71,93,704
ANTIOQUIA,SALGAR,ENERTOTAL S.A. E.S.P.,usuarios Empresa Departamento y Municipio,ND,ND,ND,ND,ND,ND,ND,ND,1,ND,ND,1
ANTIOQUIA,SALGAR,VATIA S.A. E.S.P.,usuarios Empresa Departamento y Municipio,ND,ND,ND,ND,ND,ND,ND,1,ND,ND,ND,1
ANTIOQUIA,SAN ANDRES DE CUERQUIA,EMPRESAS P２LICAS DE MEDELLIN E.S.P.,usuarios Empresa Departamento y Municipio,1547,1003,127,12,ND,ND,2689,35,192,61,41,329
ANTIOQUIA,SAN CARLOS,EMPRESAS P２LICAS DE MEDELLIN E.S.P.,usuarios Empresa Departamento y Municipio,2913,3107,1162,20,1,2,7205,30,442,132,138,742
ANTIOQUIA,SAN CARLOS,VATIA S.A. E.S.P.,usuarios Empresa Departamento y Municipio,ND,ND,ND,ND,ND,ND,ND,ND,4,ND,ND,4
ANTIOQUIA,SAN FRANCISCO,EMPRESAS P２LICAS DE MEDELLIN E.S.P.,usuarios Empresa Departamento y Municipio,1038,1203,112,1,ND,ND,2354,7,126,46,49,228
ANTIOQUIA,SAN JERONIMO,EMPRESAS P２LICAS DE MEDELLIN E.S.P.,usuarios Empresa Departamento y Municipio,1421,3663,803,1519,681,115,8202,120,450,57,240,867
ANTIOQUIA,SAN JERONIMO,PROFESIONALES EN ENERG페 S.A E.S.P,usuarios Empresa Departamento y Municipio,ND,ND,ND,ND,ND,ND,ND,ND,2,ND,ND,2
ANTIOQUIA,SAN JERONIMO,VATIA S.A. E.S.P.,usuarios Empresa Departamento y Municipio,ND,ND,ND,ND,ND,ND,ND,2,1,ND,ND,3
ANTIOQUIA,SAN JOSE DE LA MONTANA,EMPRESAS P２LICAS DE MEDELLIN E.S.P.,usuarios Empresa Departamento y Municipio,287,1190,170,33,ND,2,1682,256,161,34,34,485
ANTIOQUIA,SAN JUAN DE URABA,EMPRESAS P２LICAS DE MEDELLIN E.S.P.,usuarios Empresa Departamento y Municipio,6339,829,15,29,ND,ND,7212,11,261,49,195,516
ANTIOQUIA,SAN JUAN DE URABA,VATIA S.A. E.S.P.,usuarios Empresa Departamento y Municipio,ND,ND,ND,ND,ND,ND,ND,1,ND,ND,ND,1
ANTIOQUIA,SAN LUIS,EMPRESAS P２LICAS DE MEDELLIN E.S.P.,usuarios Empresa Departamento y Municipio,2412,3350,79,12,ND,ND,5853,33,307,100,67,507
ANTIOQUIA,SAN LUIS,ENERTOTAL S.A. E.S.P.,usuarios Empresa Departamento y Municipio,ND,ND,ND,ND,ND,ND,ND,1,ND,ND,ND,1
ANTIOQUIA,SAN PEDRO DE LOS MILAGROS,EMPRESAS P２LICAS DE MEDELLIN E.S.P.,usuarios Empresa Departamento y Municipio,1228,4058,3634,511,118,119,9668,320,1011,70,133,1534
ANTIOQUIA,SAN PEDRO DE LOS MILAGROS,PROFESIONALES EN ENERG페 S.A E.S.P,usuarios Empresa Departamento y Municipio,ND,ND,ND,ND,ND,ND,ND,ND,1,ND,ND,1
ANTIOQUIA,SAN PEDRO DE LOS MILAGROS,SPECTRUM RENOVAVEIS SAS ESP,usuarios Empresa Departamento y Municipio,ND,ND,ND,ND,ND,ND,ND,ND,1,ND,ND,1
ANTIOQUIA,SAN PEDRO DE URABA,EMPRESAS P２LICAS DE MEDELLIN E.S.P.,usuarios Empresa Departamento y Municipio,9424,940,22,29,ND,ND,10415,9,478,115,182,784
ANTIOQUIA,SAN PEDRO DE URABA,VATIA S.A. E.S.P.,usuarios Empresa Departamento y Municipio,ND,ND,ND,ND,ND,ND,ND,1,ND,ND,ND,1
ANTIOQUIA,SAN RAFAEL,EMPRESAS P２LICAS DE MEDELLIN E.S.P.,usuarios Empresa Departamento y Municipio,1958,4461,427,77,1,ND,6924,37,390,113,130,670
ANTIOQUIA,SAN RAFAEL,VATIA S.A. E.S.P.,usuarios Empresa Departamento y Municipio,ND,ND,ND,ND,ND,ND,ND,ND,1,ND,ND,1
ANTIOQUIA,SAN ROQUE,EMPRESAS P２LICAS DE MEDELLIN E.S.P.,usuarios Empresa Departamento y Municipio,3305,4608,593,60,9,9,8584,114,554,125,92,885
ANTIOQUIA,SANTA BARBARA,EMPRESAS P２LICAS DE MEDELLIN E.S.P.,usuarios Empresa Departamento y Municipio,1297,5798,2680,87,10,1,9873,55,701,100,244,1100
ANTIOQUIA,SANTA BARBARA,SPECTRUM RENOVAVEIS SAS ESP,usuarios Empresa Departamento y Municipio,ND,ND,ND,ND,ND,ND,ND,ND,1,ND,ND,1
ANTIOQUIA,SANTA FE DE ANTIOQUIA,EMPRESAS P２LICAS DE MEDELLIN E.S.P.,usuarios Empresa Departamento y Municipio,4442,3537,3124,977,878,195,13153,155,946,104,309,1514
ANTIOQUIA,SANTA FE DE ANTIOQUIA,NEU ENERGY SAS ESP,usuarios Empresa Departamento y Municipio,ND,ND,ND,ND,1,1,2,ND,ND,ND,ND,ND
ANTIOQUIA,SANTA FE DE ANTIOQUIA,SPECTRUM RENOVAVEIS SAS ESP,usuarios Empresa Departamento y Municipio,ND,ND,ND,ND,ND,ND,ND,ND,1,ND,ND,1
ANTIOQUIA,SANTA FE DE ANTIOQUIA,VATIA S.A. E.S.P.,usuarios Empresa Departamento y Municipio,ND,ND,ND,ND,ND,ND,ND,1,1,ND,ND,2
ANTIOQUIA,SANTA ROSA DE OSOS,EMPRESAS P２LICAS DE MEDELLIN E.S.P.,usuarios Empresa Departamento y Municipio,2078,9440,2460,327,14,7,14326,808,1277,118,383,2586
ANTIOQUIA,SANTA ROSA DE OSOS,ENERTOTAL S.A. E.S.P.,usuarios Empresa Departamento y Municipio,ND,ND,ND,ND,ND,ND,ND,4,ND,ND,ND,4
ANTIOQUIA,SANTA ROSA DE OSOS,QI ENERGY SAS ESP,usuarios Empresa Departamento y Municipio,ND,ND,ND,ND,ND,ND,ND,ND,2,ND,ND,2
ANTIOQUIA,SANTA ROSA DE OSOS,SPECTRUM RENOVAVEIS SAS ESP,usuarios Empresa Departamento y Municipio,ND,ND,ND,ND,ND,ND,ND,ND,1,ND,ND,1
ANTIOQUIA,SANTA ROSA DE OSOS,VATIA S.A. E.S.P.,usuarios Empresa Departamento y Municipio,ND,ND,ND,ND,ND,ND,ND,1,ND,ND,ND,1
ANTIOQUIA,SANTO DOMINGO,EMPRESAS P２LICAS DE MEDELLIN E.S.P.,usuarios Empresa Departamento y Municipio,1870,3016,692,102,7,5,5692,87,290,91,67,535
ANTIOQUIA,SAN VICENTE FERRER,EMPRESAS P２LICAS DE MEDELLIN E.S.P.,usuarios Empresa Departamento y Municipio,2048,3700,2615,281,53,13,8710,76,418,81,103,678
ANTIOQUIA,SAN VICENTE FERRER,VATIA S.A. E.S.P.,usuarios Empresa Departamento y Municipio,ND,ND,ND,ND,ND,ND,ND,ND,1,ND,ND,1
ANTIOQUIA,SEGOVIA,EMPRESAS P２LICAS DE MEDELLIN E.S.P.,usuarios Empresa Departamento y Municipio,6736,4547,1597,43,3,ND,12926,209,998,72,242,1521
ANTIOQUIA,SONSON,EMPRESAS P２LICAS DE MEDELLIN E.S.P.,usuarios Empresa Departamento y Municipio,2990,6394,3342,130,22,10,12888,67,982,199,180,1428
ANTIOQUIA,SONSON,ISAGEN S.A. E.S.P.,usuarios Empresa Departamento y Municipio,ND,ND,ND,ND,ND,ND,ND,1,ND,ND,ND,1
ANTIOQUIA,SONSON,VATIA S.A. E.S.P.,usuarios Empresa Departamento y Municipio,ND,ND,ND,ND,ND,ND,ND,1,ND,ND,ND,1
ANTIOQUIA,SOPETRAN,EMPRESAS P２LICAS DE MEDELLIN E.S.P.,usuarios Empresa Departamento y Municipio,2123,3909,1182,423,205,33,7875,198,391,74,243,906
ANTIOQUIA,TAMESIS,EMPRESAS P２LICAS DE MEDELLIN E.S.P.,usuarios Empresa Departamento y Municipio,2262,2236,2242,133,31,48,6952,68,498,100,148,814
ANTIOQUIA,TARAZA,EMPRESAS P２LICAS DE MEDELLIN E.S.P.,usuarios Empresa Departamento y Municipio,7644,3236,77,69,ND,ND,11026,38,729,107,233,1107
ANTIOQUIA,TARAZA,VATIA S.A. E.S.P.,usuarios Empresa Departamento y Municipio,ND,ND,ND,ND,ND,ND,ND,ND,1,ND,ND,1
ANTIOQUIA,TARSO,EMPRESAS P２LICAS DE MEDELLIN E.S.P.,usuarios Empresa Departamento y Municipio,696,1118,305,107,37,18,2281,45,150,41,50,286
ANTIOQUIA,TITIRIBI,EMPRESAS P２LICAS DE MEDELLIN E.S.P.,usuarios Empresa Departamento y Municipio,1080,1946,602,123,38,77,3866,65,247,50,158,520
ANTIOQUIA,TOLEDO,EMPRESAS P２LICAS DE MEDELLIN E.S.P.,usuarios Empresa Departamento y Municipio,1258,894,209,26,ND,ND,2387,13,189,50,23,275
ANTIOQUIA,TURBO,EMPRESAS MUNICIPALES DE CALI   E.I.C.E  E.S.P,usuarios Empresa Departamento y Municipio,ND,ND,ND,ND,ND,ND,ND,ND,1,ND,ND,1
ANTIOQUIA,TURBO,EMPRESAS P２LICAS DE MEDELLIN E.S.P.,usuarios Empresa Departamento y Municipio,32467,9481,2573,308,ND,1,44830,210,2651,284,964,4109
ANTIOQUIA,TURBO,ENEL COLOMBIA S.A. E.S.P.,usuarios Empresa Departamento y Municipio,ND,ND,ND,ND,ND,ND,ND,ND,1,ND,ND,1
ANTIOQUIA,TURBO,ENERTOTAL S.A. E.S.P.,usuarios Empresa Departamento y Municipio,ND,ND,ND,ND,ND,ND,ND,1,1,ND,ND,2
ANTIOQUIA,TURBO,NEU ENERGY SAS ESP,usuarios Empresa Departamento y Municipio,ND,ND,ND,ND,ND,ND,ND,ND,1,ND,ND,1
ANTIOQUIA,TURBO,VATIA S.A. E.S.P.,usuarios Empresa Departamento y Municipio,ND,ND,ND,ND,ND,ND,ND,ND,6,ND,ND,6
ANTIOQUIA,URAMITA,EMPRESAS P２LICAS DE MEDELLIN E.S.P.,usuarios Empresa Departamento y Municipio,1431,1317,52,4,1,ND,2805,18,110,64,33,225
ANTIOQUIA,URRAO,EMPRESAS P２LICAS DE MEDELLIN E.S.P.,usuarios Empresa Departamento y Municipio,3156,4765,2512,95,5,ND,10533,55,770,140,160,1125
ANTIOQUIA,URRAO,VATIA S.A. E.S.P.,usuarios Empresa Departamento y Municipio,ND,ND,ND,ND,ND,ND,ND,1,ND,ND,ND,1
ANTIOQUIA,VALDIVIA,EMPRESAS P２LICAS DE MEDELLIN E.S.P.,usuarios Empresa Departamento y Municipio,3162,2175,186,23,ND,ND,5546,39,355,80,128,602
ANTIOQUIA,VALPARAISO,DISTRIBUIDORA Y COMERCIALIZADORA DE ENERGIA ELECTRICA S.A. E.S.P.,usuarios Empresa Departamento y Municipio,ND,ND,ND,ND,ND,ND,ND,1,ND,ND,ND,1
ANTIOQUIA,VALPARAISO,EMPRESAS P２LICAS DE MEDELLIN E.S.P.,usuarios Empresa Departamento y Municipio,877,1207,268,64,7,26,2449,16,159,43,99,317
ANTIOQUIA,VEGACHI,EMPRESAS P２LICAS DE MEDELLIN E.S.P.,usuarios Empresa Departamento y Municipio,1877,3207,128,28,ND,ND,5240,43,448,74,75,640
ANTIOQUIA,VENECIA,EMPRESAS P２LICAS DE MEDELLIN E.S.P.,usuarios Empresa Departamento y Municipio,1255,2177,1260,280,163,106,5241,72,446,49,145,712
ANTIOQUIA,VENECIA,SPECTRUM RENOVAVEIS SAS ESP,usuarios Empresa Departamento y Municipio,ND,ND,ND,ND,ND,ND,ND,ND,1,ND,ND,1
ANTIOQUIA,YALI,EMPRESAS P２LICAS DE MEDELLIN E.S.P.,usuarios Empresa Departamento y Municipio,1407,968,196,15,5,2,2593,44,152,51,36,283
ANTIOQUIA,YARUMAL,EMPRESAS P２LICAS DE MEDELLIN E.S.P.,usuarios Empresa Departamento y Municipio,2642,6311,5377,291,ND,3,14624,551,1628,152,301,2632
ANTIOQUIA,YARUMAL,ENERTOTAL S.A. E.S.P.,usuarios Empresa Departamento y Municipio,ND,ND,ND,ND,ND,ND,ND,1,ND,ND,ND,1
ANTIOQUIA,YARUMAL,ISAGEN S.A. E.S.P.,usuarios Empresa Departamento y Municipio,ND,ND,ND,ND,ND,ND,ND,1,ND,ND,ND,1
ANTIOQUIA,YARUMAL,VATIA S.A. E.S.P.,usuarios Empresa Departamento y Municipio,ND,ND,ND,1,ND,ND,1,3,1,ND,ND,4
ANTIOQUIA,YOLOMBO,EMPRESAS P２LICAS DE MEDELLIN E.S.P.,usuarios Empresa Departamento y Municipio,2939,4159,845,44,3,2,7992,110,407,115,154,786
ANTIOQUIA,YONDO,ELECTRIFICADORA DE SANTANDER S.A. E.S.P.,usuarios Empresa Departamento y Municipio,37,ND,ND,ND,ND,ND,37,1,ND,ND,ND,1
ANTIOQUIA,YONDO,EMPRESAS P２LICAS DE MEDELLIN E.S.P.,usuarios Empresa Departamento y Municipio,5265,1609,230,20,2,ND,7126,33,282,101,159,575
ANTIOQUIA,ZARAGOZA,EMPRESAS P２LICAS DE MEDELLIN E.S.P.,usuarios Empresa Departamento y Municipio,7211,1770,23,47,ND,ND,9051,32,540,89,252,913
,,,,,,,,,,,,,,,
A絪,2021
Per癌do,5
Ubicaci蚤,Total
Departamento,ANTIOQUIA
Reporte a Consultar,Suscriptores
